p_q,60,140,d_mu,d_mu_sqrt
0.004,1152.633333,2833.7,1681.066667,41.000813
0.008,1152.633333,2833.7,1681.066667,41.000813
0.012,1291.633333,3582.833333,2291.2,47.86648097
0.016,1291.633333,3582.833333,2291.2,47.86648097
0.02,1382.066667,4747.7,3365.633333,58.01407875
,,,0.914187411,0.926786962
